{
  "lstm": 0.6500000000000002,
  "xgb": 0.4900000000000001
}